{
    "hidden_size": 224,
    "num_layers": 2,
    "dropout_rate": 0.28682275862537826,
    "learning_rate": 4.0259454691295325e-05,
    "weight_decay": 0.00029694525602354835,
    "seq_length": 19,
    "batch_size": 512
}